-- MySQL dump 10.13  Distrib 8.0.28, for Linux (x86_64)
--
-- Host: localhost    Database: bank
-- ------------------------------------------------------
-- Server version	8.0.28

/*!40101 SET @OLD_CHARACTER_SET_CLIENT=@@CHARACTER_SET_CLIENT */;
/*!40101 SET @OLD_CHARACTER_SET_RESULTS=@@CHARACTER_SET_RESULTS */;
/*!40101 SET @OLD_COLLATION_CONNECTION=@@COLLATION_CONNECTION */;
/*!50503 SET NAMES utf8mb4 */;
/*!40103 SET @OLD_TIME_ZONE=@@TIME_ZONE */;
/*!40103 SET TIME_ZONE='+00:00' */;
/*!40014 SET @OLD_UNIQUE_CHECKS=@@UNIQUE_CHECKS, UNIQUE_CHECKS=0 */;
/*!40014 SET @OLD_FOREIGN_KEY_CHECKS=@@FOREIGN_KEY_CHECKS, FOREIGN_KEY_CHECKS=0 */;
/*!40101 SET @OLD_SQL_MODE=@@SQL_MODE, SQL_MODE='NO_AUTO_VALUE_ON_ZERO' */;
/*!40111 SET @OLD_SQL_NOTES=@@SQL_NOTES, SQL_NOTES=0 */;

--
-- Table structure for table `auth_group`
--

DROP TABLE IF EXISTS `auth_group`;
/*!40101 SET @saved_cs_client     = @@character_set_client */;
/*!50503 SET character_set_client = utf8mb4 */;
CREATE TABLE `auth_group` (
  `id` int NOT NULL AUTO_INCREMENT,
  `name` varchar(150) NOT NULL,
  PRIMARY KEY (`id`),
  UNIQUE KEY `name` (`name`)
) ENGINE=InnoDB DEFAULT CHARSET=utf8mb4 COLLATE=utf8mb4_0900_ai_ci;
/*!40101 SET character_set_client = @saved_cs_client */;

--
-- Dumping data for table `auth_group`
--

LOCK TABLES `auth_group` WRITE;
/*!40000 ALTER TABLE `auth_group` DISABLE KEYS */;
/*!40000 ALTER TABLE `auth_group` ENABLE KEYS */;
UNLOCK TABLES;

--
-- Table structure for table `auth_group_permissions`
--

DROP TABLE IF EXISTS `auth_group_permissions`;
/*!40101 SET @saved_cs_client     = @@character_set_client */;
/*!50503 SET character_set_client = utf8mb4 */;
CREATE TABLE `auth_group_permissions` (
  `id` bigint NOT NULL AUTO_INCREMENT,
  `group_id` int NOT NULL,
  `permission_id` int NOT NULL,
  PRIMARY KEY (`id`),
  UNIQUE KEY `auth_group_permissions_group_id_permission_id_0cd325b0_uniq` (`group_id`,`permission_id`),
  KEY `auth_group_permissio_permission_id_84c5c92e_fk_auth_perm` (`permission_id`),
  CONSTRAINT `auth_group_permissio_permission_id_84c5c92e_fk_auth_perm` FOREIGN KEY (`permission_id`) REFERENCES `auth_permission` (`id`),
  CONSTRAINT `auth_group_permissions_group_id_b120cbf9_fk_auth_group_id` FOREIGN KEY (`group_id`) REFERENCES `auth_group` (`id`)
) ENGINE=InnoDB DEFAULT CHARSET=utf8mb4 COLLATE=utf8mb4_0900_ai_ci;
/*!40101 SET character_set_client = @saved_cs_client */;

--
-- Dumping data for table `auth_group_permissions`
--

LOCK TABLES `auth_group_permissions` WRITE;
/*!40000 ALTER TABLE `auth_group_permissions` DISABLE KEYS */;
/*!40000 ALTER TABLE `auth_group_permissions` ENABLE KEYS */;
UNLOCK TABLES;

--
-- Table structure for table `auth_permission`
--

DROP TABLE IF EXISTS `auth_permission`;
/*!40101 SET @saved_cs_client     = @@character_set_client */;
/*!50503 SET character_set_client = utf8mb4 */;
CREATE TABLE `auth_permission` (
  `id` int NOT NULL AUTO_INCREMENT,
  `name` varchar(255) NOT NULL,
  `content_type_id` int NOT NULL,
  `codename` varchar(100) NOT NULL,
  PRIMARY KEY (`id`),
  UNIQUE KEY `auth_permission_content_type_id_codename_01ab375a_uniq` (`content_type_id`,`codename`),
  CONSTRAINT `auth_permission_content_type_id_2f476e4b_fk_django_co` FOREIGN KEY (`content_type_id`) REFERENCES `django_content_type` (`id`)
) ENGINE=InnoDB AUTO_INCREMENT=41 DEFAULT CHARSET=utf8mb4 COLLATE=utf8mb4_0900_ai_ci;
/*!40101 SET character_set_client = @saved_cs_client */;

--
-- Dumping data for table `auth_permission`
--

LOCK TABLES `auth_permission` WRITE;
/*!40000 ALTER TABLE `auth_permission` DISABLE KEYS */;
INSERT INTO `auth_permission` VALUES (1,'Can add bank',1,'add_bank'),(2,'Can change bank',1,'change_bank'),(3,'Can delete bank',1,'delete_bank'),(4,'Can view bank',1,'view_bank'),(5,'Can add product',2,'add_product'),(6,'Can change product',2,'change_product'),(7,'Can delete product',2,'delete_product'),(8,'Can view product',2,'view_product'),(9,'Can add transfer',3,'add_transfer'),(10,'Can change transfer',3,'change_transfer'),(11,'Can delete transfer',3,'delete_transfer'),(12,'Can view transfer',3,'view_transfer'),(13,'Can add beneficiary book',4,'add_beneficiarybook'),(14,'Can change beneficiary book',4,'change_beneficiarybook'),(15,'Can delete beneficiary book',4,'delete_beneficiarybook'),(16,'Can view beneficiary book',4,'view_beneficiarybook'),(17,'Can add log entry',5,'add_logentry'),(18,'Can change log entry',5,'change_logentry'),(19,'Can delete log entry',5,'delete_logentry'),(20,'Can view log entry',5,'view_logentry'),(21,'Can add permission',6,'add_permission'),(22,'Can change permission',6,'change_permission'),(23,'Can delete permission',6,'delete_permission'),(24,'Can view permission',6,'view_permission'),(25,'Can add group',7,'add_group'),(26,'Can change group',7,'change_group'),(27,'Can delete group',7,'delete_group'),(28,'Can view group',7,'view_group'),(29,'Can add user',8,'add_user'),(30,'Can change user',8,'change_user'),(31,'Can delete user',8,'delete_user'),(32,'Can view user',8,'view_user'),(33,'Can add content type',9,'add_contenttype'),(34,'Can change content type',9,'change_contenttype'),(35,'Can delete content type',9,'delete_contenttype'),(36,'Can view content type',9,'view_contenttype'),(37,'Can add session',10,'add_session'),(38,'Can change session',10,'change_session'),(39,'Can delete session',10,'delete_session'),(40,'Can view session',10,'view_session');
/*!40000 ALTER TABLE `auth_permission` ENABLE KEYS */;
UNLOCK TABLES;

--
-- Table structure for table `auth_user`
--

DROP TABLE IF EXISTS `auth_user`;
/*!40101 SET @saved_cs_client     = @@character_set_client */;
/*!50503 SET character_set_client = utf8mb4 */;
CREATE TABLE `auth_user` (
  `id` int NOT NULL AUTO_INCREMENT,
  `password` varchar(128) NOT NULL,
  `last_login` datetime(6) DEFAULT NULL,
  `is_superuser` tinyint(1) NOT NULL,
  `username` varchar(150) NOT NULL,
  `first_name` varchar(150) NOT NULL,
  `last_name` varchar(150) NOT NULL,
  `email` varchar(254) NOT NULL,
  `is_staff` tinyint(1) NOT NULL,
  `is_active` tinyint(1) NOT NULL,
  `date_joined` datetime(6) NOT NULL,
  PRIMARY KEY (`id`),
  UNIQUE KEY `username` (`username`)
) ENGINE=InnoDB AUTO_INCREMENT=2 DEFAULT CHARSET=utf8mb4 COLLATE=utf8mb4_0900_ai_ci;
/*!40101 SET character_set_client = @saved_cs_client */;

--
-- Dumping data for table `auth_user`
--

LOCK TABLES `auth_user` WRITE;
/*!40000 ALTER TABLE `auth_user` DISABLE KEYS */;
INSERT INTO `auth_user` VALUES (1,'pbkdf2_sha256$320000$xY7KsbRQ9IPTSMOqCTZWiD$v86Gmkk5xhI1ikakA0eZ2fRJ2WcigOQWoERrbtVm6go=',NULL,0,'snowbell','Snowbell','','snowbell@bank',0,1,'2022-03-25 05:24:19.000000');
/*!40000 ALTER TABLE `auth_user` ENABLE KEYS */;
UNLOCK TABLES;

--
-- Table structure for table `auth_user_groups`
--

DROP TABLE IF EXISTS `auth_user_groups`;
/*!40101 SET @saved_cs_client     = @@character_set_client */;
/*!50503 SET character_set_client = utf8mb4 */;
CREATE TABLE `auth_user_groups` (
  `id` bigint NOT NULL AUTO_INCREMENT,
  `user_id` int NOT NULL,
  `group_id` int NOT NULL,
  PRIMARY KEY (`id`),
  UNIQUE KEY `auth_user_groups_user_id_group_id_94350c0c_uniq` (`user_id`,`group_id`),
  KEY `auth_user_groups_group_id_97559544_fk_auth_group_id` (`group_id`),
  CONSTRAINT `auth_user_groups_group_id_97559544_fk_auth_group_id` FOREIGN KEY (`group_id`) REFERENCES `auth_group` (`id`),
  CONSTRAINT `auth_user_groups_user_id_6a12ed8b_fk_auth_user_id` FOREIGN KEY (`user_id`) REFERENCES `auth_user` (`id`)
) ENGINE=InnoDB DEFAULT CHARSET=utf8mb4 COLLATE=utf8mb4_0900_ai_ci;
/*!40101 SET character_set_client = @saved_cs_client */;

--
-- Dumping data for table `auth_user_groups`
--

LOCK TABLES `auth_user_groups` WRITE;
/*!40000 ALTER TABLE `auth_user_groups` DISABLE KEYS */;
/*!40000 ALTER TABLE `auth_user_groups` ENABLE KEYS */;
UNLOCK TABLES;

--
-- Table structure for table `auth_user_user_permissions`
--

DROP TABLE IF EXISTS `auth_user_user_permissions`;
/*!40101 SET @saved_cs_client     = @@character_set_client */;
/*!50503 SET character_set_client = utf8mb4 */;
CREATE TABLE `auth_user_user_permissions` (
  `id` bigint NOT NULL AUTO_INCREMENT,
  `user_id` int NOT NULL,
  `permission_id` int NOT NULL,
  PRIMARY KEY (`id`),
  UNIQUE KEY `auth_user_user_permissions_user_id_permission_id_14a6b632_uniq` (`user_id`,`permission_id`),
  KEY `auth_user_user_permi_permission_id_1fbb5f2c_fk_auth_perm` (`permission_id`),
  CONSTRAINT `auth_user_user_permi_permission_id_1fbb5f2c_fk_auth_perm` FOREIGN KEY (`permission_id`) REFERENCES `auth_permission` (`id`),
  CONSTRAINT `auth_user_user_permissions_user_id_a95ead1b_fk_auth_user_id` FOREIGN KEY (`user_id`) REFERENCES `auth_user` (`id`)
) ENGINE=InnoDB DEFAULT CHARSET=utf8mb4 COLLATE=utf8mb4_0900_ai_ci;
/*!40101 SET character_set_client = @saved_cs_client */;

--
-- Dumping data for table `auth_user_user_permissions`
--

LOCK TABLES `auth_user_user_permissions` WRITE;
/*!40000 ALTER TABLE `auth_user_user_permissions` DISABLE KEYS */;
/*!40000 ALTER TABLE `auth_user_user_permissions` ENABLE KEYS */;
UNLOCK TABLES;

--
-- Table structure for table `bank_bank`
--

DROP TABLE IF EXISTS `bank_bank`;
/*!40101 SET @saved_cs_client     = @@character_set_client */;
/*!50503 SET character_set_client = utf8mb4 */;
CREATE TABLE `bank_bank` (
  `id` bigint NOT NULL AUTO_INCREMENT,
  `name` varchar(100) NOT NULL,
  PRIMARY KEY (`id`)
) ENGINE=InnoDB AUTO_INCREMENT=4 DEFAULT CHARSET=utf8mb4 COLLATE=utf8mb4_0900_ai_ci;
/*!40101 SET character_set_client = @saved_cs_client */;

--
-- Dumping data for table `bank_bank`
--

LOCK TABLES `bank_bank` WRITE;
/*!40000 ALTER TABLE `bank_bank` DISABLE KEYS */;
INSERT INTO `bank_bank` VALUES (1,'Bank PY'),(2,'Bank Pug'),(3,'Bank ITSecurityCO');
/*!40000 ALTER TABLE `bank_bank` ENABLE KEYS */;
UNLOCK TABLES;

--
-- Table structure for table `bank_beneficiarybook`
--

DROP TABLE IF EXISTS `bank_beneficiarybook`;
/*!40101 SET @saved_cs_client     = @@character_set_client */;
/*!50503 SET character_set_client = utf8mb4 */;
CREATE TABLE `bank_beneficiarybook` (
  `id` bigint NOT NULL AUTO_INCREMENT,
  `beneficiary` varchar(255) NOT NULL,
  `product_type` varchar(2) NOT NULL,
  `product_number` bigint NOT NULL,
  `bank_id` bigint NOT NULL,
  `owner_id` int NOT NULL,
  PRIMARY KEY (`id`),
  KEY `bank_beneficiarybook_bank_id_85a50846_fk_bank_bank_id` (`bank_id`),
  KEY `bank_beneficiarybook_owner_id_4fc4a93a_fk_auth_user_id` (`owner_id`),
  CONSTRAINT `bank_beneficiarybook_bank_id_85a50846_fk_bank_bank_id` FOREIGN KEY (`bank_id`) REFERENCES `bank_bank` (`id`),
  CONSTRAINT `bank_beneficiarybook_owner_id_4fc4a93a_fk_auth_user_id` FOREIGN KEY (`owner_id`) REFERENCES `auth_user` (`id`)
) ENGINE=InnoDB DEFAULT CHARSET=utf8mb4 COLLATE=utf8mb4_0900_ai_ci;
/*!40101 SET character_set_client = @saved_cs_client */;

--
-- Dumping data for table `bank_beneficiarybook`
--

LOCK TABLES `bank_beneficiarybook` WRITE;
/*!40000 ALTER TABLE `bank_beneficiarybook` DISABLE KEYS */;
/*!40000 ALTER TABLE `bank_beneficiarybook` ENABLE KEYS */;
UNLOCK TABLES;

--
-- Table structure for table `bank_product`
--

DROP TABLE IF EXISTS `bank_product`;
/*!40101 SET @saved_cs_client     = @@character_set_client */;
/*!50503 SET character_set_client = utf8mb4 */;
CREATE TABLE `bank_product` (
  `number` bigint NOT NULL AUTO_INCREMENT,
  `balance` decimal(19,2) DEFAULT NULL,
  `type` varchar(2) NOT NULL,
  `bank_id` bigint NOT NULL,
  `user_id` int NOT NULL,
  PRIMARY KEY (`number`),
  KEY `bank_product_bank_id_ef024e00_fk_bank_bank_id` (`bank_id`),
  KEY `bank_product_user_id_6b75b838_fk_auth_user_id` (`user_id`),
  CONSTRAINT `bank_product_bank_id_ef024e00_fk_bank_bank_id` FOREIGN KEY (`bank_id`) REFERENCES `bank_bank` (`id`),
  CONSTRAINT `bank_product_user_id_6b75b838_fk_auth_user_id` FOREIGN KEY (`user_id`) REFERENCES `auth_user` (`id`)
) ENGINE=InnoDB AUTO_INCREMENT=1338 DEFAULT CHARSET=utf8mb4 COLLATE=utf8mb4_0900_ai_ci;
/*!40101 SET character_set_client = @saved_cs_client */;

--
-- Dumping data for table `bank_product`
--

LOCK TABLES `bank_product` WRITE;
/*!40000 ALTER TABLE `bank_product` DISABLE KEYS */;
INSERT INTO `bank_product` VALUES (1337,1000000.00,'CA',1,1);
/*!40000 ALTER TABLE `bank_product` ENABLE KEYS */;
UNLOCK TABLES;

--
-- Table structure for table `bank_transfer`
--

DROP TABLE IF EXISTS `bank_transfer`;
/*!40101 SET @saved_cs_client     = @@character_set_client */;
/*!50503 SET character_set_client = utf8mb4 */;
CREATE TABLE `bank_transfer` (
  `id` bigint NOT NULL AUTO_INCREMENT,
  `destination` bigint NOT NULL,
  `amount` decimal(19,2) NOT NULL,
  `description` varchar(255) DEFAULT NULL,
  `created_at` datetime(6) NOT NULL,
  `origin_id` bigint NOT NULL,
  PRIMARY KEY (`id`),
  KEY `bank_transfer_origin_id_fe172b6e_fk_bank_product_number` (`origin_id`),
  CONSTRAINT `bank_transfer_origin_id_fe172b6e_fk_bank_product_number` FOREIGN KEY (`origin_id`) REFERENCES `bank_product` (`number`)
) ENGINE=InnoDB DEFAULT CHARSET=utf8mb4 COLLATE=utf8mb4_0900_ai_ci;
/*!40101 SET character_set_client = @saved_cs_client */;

--
-- Dumping data for table `bank_transfer`
--

LOCK TABLES `bank_transfer` WRITE;
/*!40000 ALTER TABLE `bank_transfer` DISABLE KEYS */;
/*!40000 ALTER TABLE `bank_transfer` ENABLE KEYS */;
UNLOCK TABLES;

--
-- Table structure for table `django_admin_log`
--

DROP TABLE IF EXISTS `django_admin_log`;
/*!40101 SET @saved_cs_client     = @@character_set_client */;
/*!50503 SET character_set_client = utf8mb4 */;
CREATE TABLE `django_admin_log` (
  `id` int NOT NULL AUTO_INCREMENT,
  `action_time` datetime(6) NOT NULL,
  `object_id` longtext,
  `object_repr` varchar(200) NOT NULL,
  `action_flag` smallint unsigned NOT NULL,
  `change_message` longtext NOT NULL,
  `content_type_id` int DEFAULT NULL,
  `user_id` int NOT NULL,
  PRIMARY KEY (`id`),
  KEY `django_admin_log_content_type_id_c4bce8eb_fk_django_co` (`content_type_id`),
  KEY `django_admin_log_user_id_c564eba6_fk_auth_user_id` (`user_id`),
  CONSTRAINT `django_admin_log_content_type_id_c4bce8eb_fk_django_co` FOREIGN KEY (`content_type_id`) REFERENCES `django_content_type` (`id`),
  CONSTRAINT `django_admin_log_user_id_c564eba6_fk_auth_user_id` FOREIGN KEY (`user_id`) REFERENCES `auth_user` (`id`),
  CONSTRAINT `django_admin_log_chk_1` CHECK ((`action_flag` >= 0))
) ENGINE=InnoDB DEFAULT CHARSET=utf8mb4 COLLATE=utf8mb4_0900_ai_ci;
/*!40101 SET character_set_client = @saved_cs_client */;

--
-- Dumping data for table `django_admin_log`
--

LOCK TABLES `django_admin_log` WRITE;
/*!40000 ALTER TABLE `django_admin_log` DISABLE KEYS */;
/*!40000 ALTER TABLE `django_admin_log` ENABLE KEYS */;
UNLOCK TABLES;

--
-- Table structure for table `django_content_type`
--

DROP TABLE IF EXISTS `django_content_type`;
/*!40101 SET @saved_cs_client     = @@character_set_client */;
/*!50503 SET character_set_client = utf8mb4 */;
CREATE TABLE `django_content_type` (
  `id` int NOT NULL AUTO_INCREMENT,
  `app_label` varchar(100) NOT NULL,
  `model` varchar(100) NOT NULL,
  PRIMARY KEY (`id`),
  UNIQUE KEY `django_content_type_app_label_model_76bd3d3b_uniq` (`app_label`,`model`)
) ENGINE=InnoDB AUTO_INCREMENT=11 DEFAULT CHARSET=utf8mb4 COLLATE=utf8mb4_0900_ai_ci;
/*!40101 SET character_set_client = @saved_cs_client */;

--
-- Dumping data for table `django_content_type`
--

LOCK TABLES `django_content_type` WRITE;
/*!40000 ALTER TABLE `django_content_type` DISABLE KEYS */;
INSERT INTO `django_content_type` VALUES (5,'admin','logentry'),(7,'auth','group'),(6,'auth','permission'),(8,'auth','user'),(1,'bank','bank'),(4,'bank','beneficiarybook'),(2,'bank','product'),(3,'bank','transfer'),(9,'contenttypes','contenttype'),(10,'sessions','session');
/*!40000 ALTER TABLE `django_content_type` ENABLE KEYS */;
UNLOCK TABLES;

--
-- Table structure for table `django_migrations`
--

DROP TABLE IF EXISTS `django_migrations`;
/*!40101 SET @saved_cs_client     = @@character_set_client */;
/*!50503 SET character_set_client = utf8mb4 */;
CREATE TABLE `django_migrations` (
  `id` bigint NOT NULL AUTO_INCREMENT,
  `app` varchar(255) NOT NULL,
  `name` varchar(255) NOT NULL,
  `applied` datetime(6) NOT NULL,
  PRIMARY KEY (`id`)
) ENGINE=InnoDB AUTO_INCREMENT=21 DEFAULT CHARSET=utf8mb4 COLLATE=utf8mb4_0900_ai_ci;
/*!40101 SET character_set_client = @saved_cs_client */;

--
-- Dumping data for table `django_migrations`
--

LOCK TABLES `django_migrations` WRITE;
/*!40000 ALTER TABLE `django_migrations` DISABLE KEYS */;
INSERT INTO `django_migrations` VALUES (1,'contenttypes','0001_initial','2022-04-06 13:03:28.897881'),(2,'auth','0001_initial','2022-04-06 13:03:31.487040'),(3,'admin','0001_initial','2022-04-06 13:03:32.080301'),(4,'admin','0002_logentry_remove_auto_add','2022-04-06 13:03:32.100746'),(5,'admin','0003_logentry_add_action_flag_choices','2022-04-06 13:03:32.122880'),(6,'contenttypes','0002_remove_content_type_name','2022-04-06 13:03:32.511493'),(7,'auth','0002_alter_permission_name_max_length','2022-04-06 13:03:32.760593'),(8,'auth','0003_alter_user_email_max_length','2022-04-06 13:03:32.817094'),(9,'auth','0004_alter_user_username_opts','2022-04-06 13:03:32.843863'),(10,'auth','0005_alter_user_last_login_null','2022-04-06 13:03:33.034308'),(11,'auth','0006_require_contenttypes_0002','2022-04-06 13:03:33.049934'),(12,'auth','0007_alter_validators_add_error_messages','2022-04-06 13:03:33.070617'),(13,'auth','0008_alter_user_username_max_length','2022-04-06 13:03:33.311125'),(14,'auth','0009_alter_user_last_name_max_length','2022-04-06 13:03:33.573639'),(15,'auth','0010_alter_group_name_max_length','2022-04-06 13:03:33.638670'),(16,'auth','0011_update_proxy_permissions','2022-04-06 13:03:33.658492'),(17,'auth','0012_alter_user_first_name_max_length','2022-04-06 13:03:33.902260'),(18,'bank','0001_initial','2022-04-06 13:03:35.460410'),(19,'bank','0002_alter_product_number','2022-04-06 13:03:35.480154'),(20,'sessions','0001_initial','2022-04-06 13:03:35.567522');
/*!40000 ALTER TABLE `django_migrations` ENABLE KEYS */;
UNLOCK TABLES;

--
-- Table structure for table `django_session`
--

DROP TABLE IF EXISTS `django_session`;
/*!40101 SET @saved_cs_client     = @@character_set_client */;
/*!50503 SET character_set_client = utf8mb4 */;
CREATE TABLE `django_session` (
  `session_key` varchar(40) NOT NULL,
  `session_data` longtext NOT NULL,
  `expire_date` datetime(6) NOT NULL,
  PRIMARY KEY (`session_key`),
  KEY `django_session_expire_date_a5c62663` (`expire_date`)
) ENGINE=InnoDB DEFAULT CHARSET=utf8mb4 COLLATE=utf8mb4_0900_ai_ci;
/*!40101 SET character_set_client = @saved_cs_client */;

--
-- Dumping data for table `django_session`
--

LOCK TABLES `django_session` WRITE;
/*!40000 ALTER TABLE `django_session` DISABLE KEYS */;
/*!40000 ALTER TABLE `django_session` ENABLE KEYS */;
UNLOCK TABLES;
/*!40103 SET TIME_ZONE=@OLD_TIME_ZONE */;

/*!40101 SET SQL_MODE=@OLD_SQL_MODE */;
/*!40014 SET FOREIGN_KEY_CHECKS=@OLD_FOREIGN_KEY_CHECKS */;
/*!40014 SET UNIQUE_CHECKS=@OLD_UNIQUE_CHECKS */;
/*!40101 SET CHARACTER_SET_CLIENT=@OLD_CHARACTER_SET_CLIENT */;
/*!40101 SET CHARACTER_SET_RESULTS=@OLD_CHARACTER_SET_RESULTS */;
/*!40101 SET COLLATION_CONNECTION=@OLD_COLLATION_CONNECTION */;
/*!40111 SET SQL_NOTES=@OLD_SQL_NOTES */;

-- Dump completed on 2022-04-06 13:04:15
